,metal,pop,rap,rb,rock
SGD,0.7840210711150132,0.4883595018949648,0.7667761614265601,0.5752941176470588,0.5704500978473581
LogReg,0.7998142127264283,0.5094982951777887,0.7796086508753862,0.608839779005525,0.5759059745347699
DecTree,0.5960709151892669,0.36390532544378695,0.6618181818181817,0.4772145417306708,0.3906327852516193
KNN,0.3219076005961252,0.3479751446325262,0.3495440729483283,0.42847638057218895,0.11945392491467577
RandFor,0.7593160894344585,0.5032130499258528,0.7944814462416745,0.5604534005037783,0.5254237288135593
GradBoost,0.7554122524182404,0.49702380952380953,0.7951441578148709,0.598531902879729,0.5462469733656173
